height,affiliateid,countryoforiginname,weight,affiliatename,status,bibid,profilepics3key,competitorid,firstname,gender,age,lastname,countryoforigincode,competitorname,overallrank,overallscore,division
1.74,44632.0,United States,88.5,CrossFit Mayhem,ACT,016,9e218-P153604_4-184.jpg,153604,Mathew,M,29,Fraser,US,Mathew Fraser,1,984,Men
1.74,44800.0,United States,86.2,Peak 360 CrossFit,ACT,302,0a0bc-P2725_5-184.jpg,2725,Noah,M,28,Ohlsen,US,Noah Ohlsen,2,949,Men
1.55,44753.0,Iceland,83.9,CrossFit Hengill,ACT,122,4c5dc-P81616_4-184.jpg,81616,Björgvin Karl,M,26,Guðmundsson,IS,Björgvin Karl Guðmundsson,3,888,Men
1.8,44597.0,United States,84.8,CrossFit Mentality,ACT,105,e23e0-P34796_8-184.jpg,34796,Scott,M,31,Panchik,US,Scott Panchik,4,795,Men
1.55,44792.0,Australia,87.1,CrossFit Mode,ACT,303,b7c6d-P16080_7-184.jpg,16080,James,M,28,Newbury,AU,James Newbury,5,728,Men
1.77,44590.0,United States,87.1,Cobra Command CrossFit,ACT,101,d1ef5-P199938_3-184.jpg,199938,Jacob,M,29,Heppner,US,Jacob Heppner,6,694,Men
1.71,44805.0,Australia,82.1,CrossFit Crossaxed,ACT,311,41bf6-P660204_5-184.jpg,660204,Matt,M,26,Mcleod,AU,Matt Mcleod,7,671,Men
1.77,,Switzerland,84.8,,ACT,135,ff2d6-P698182_6-184.jpg,698182,Adrian,M,26,Mundwiler,CH,Adrian Mundwiler,8,632,Men
1.8,44969.0,United States,83.9,CrossFit Cliffside,ACT,310,00087-P310970_11-184.jpg,310970,Saxon,M,23,Panchik,US,Saxon Panchik,9,587,Men
1.8,44802.0,United States,86.2,CrossFit Trivium,ACT,309,d3cc2-P35627_6-184.jpg,35627,Will,M,30,Moorad,US,Will Moorad,10,485,Men
1.55,44588.0,United States,91.6,CrossFit Spokane Valley,CUT,102,ce316-P153625_5-184.jpg,153625,Cole,M,28,Sager,US,Cole Sager,11,368,Men
1.56,44599.0,United States,89.8,CrossFit Passion,CUT,108,9de68-P1690_5-184.jpg,1690,Travis,M,28,Mayer,US,Travis Mayer,12,368,Men
1.56,,United States,90.7,,CUT,111,a9afa-P74320_4-184.jpg,74320,Samuel,M,23,Kwant,US,Samuel Kwant,13,349,Men
1.74,44700.0,United States,82.6,CrossFit Rejoice,CUT,113,5afca-P123764_4-184.jpg,123764,Logan,M,28,Collins,US,Logan Collins,14,340,Men
1.77,44804.0,United States,87.5,CrossFit Sacrifice,CUT,312,22a7d-P469626_5-184.jpg,469626,Chandler,M,26,Smith,US,Chandler Smith,15,329,Men
1.56,44773.0,Canada,88.5,CrossFit Solid Ground,CUT,119,d471c-P158264_7-184.jpg,158264,Patrick,M,29,Vellner,CA,Patrick Vellner,16,322,Men
1.83,44756.0,Sweden,95.7,CrossFit Nordic,CUT,128,0c02c-P24309_6-184.jpg,24309,Lukas,M,28,Högberg,SE,Lukas Högberg,17,319,Men
1.83,44658.0,Germany,86.2,CrossFit Flensburg,CUT,136,565d0-P286691_2-184.jpg,286691,Joshua,M,27,Wichtrup,DE,Joshua Wichtrup,18,315,Men
1.86,44663.0,United Kingdom,89.8,CrossFit Yas,CUT,132,ae97a-P86089_6-184.jpg,86089,Elliot,M,25,Simmonds,GB,Elliot Simmonds,19,303,Men
1.83,44593.0,Denmark,86.2,CrossFit Skodsborg,CUT,115,0e8b6-P230757_2-184.jpg,230757,Casper,M,28,Gammelmark,DK,Casper Gammelmark,20,251,Men
1.55,44688.0,France,86.2,CrossFit Lutece,CUT,130,9ca60-P702092_3-184.jpg,702092,Willy,M,26,Georges,FR,Willy Georges,21,245,Men
1.55,44977.0,United States,83.9,Solidarity CrossFit,CUT,316,b72ee-P111592_7-184.jpg,111592,Connor,M,26,Duddy,US,Connor Duddy,22,244,Men
1.89,44790.0,Canada,98.4,Kelowna CrossFit,CUT,308,1780d-P107101_9-184.jpg,107101,Brent,M,28,Fikowski,CA,Brent Fikowski,23,243,Men
1.8,44789.0,United States,87.1,CrossFit Powerstroke,CUT,304,a0a86-P134617_10-184.jpg,134617,Sean,M,27,Sweeney,US,Sean Sweeney,24,236,Men
1.56,44602.0,Canada,94.3,CrossFit Quebec City,CUT,116,ebe1c-P180541_4-184.jpg,180541,Alex,M,27,Vigneault,CA,Alex Vigneault,25,233,Men
1.83,44676.0,Ireland,95.3,CrossFit 8020,CUT,146,15913-P461734_4-184.jpg,461734,Michael,M,27,Smith,IE,Michael Smith,26,224,Men
1.55,44626.0,China,88.0,CrossFit CFPT,CUT,145,7aece-P23655_2-184.jpg,23655,Ant,M,29,Haynes,CN,Ant Haynes,27,218,Men
1.56,44795.0,United States,88.5,CrossFit Krypton,CUT,015,eab2e-P43761_13-184.jpg,43761,Ben,M,29,Smith,US,Ben Smith,28,217,Men
1.86,44766.0,South Africa,88.5,CrossFit Kyalami,CUT,137,f2583-P120333_4-184.jpg,120333,Jason,M,35,Smith,ZA,Jason Smith,29,216,Men
1.77,44782.0,United States,86.2,Ft. Wright CrossFit,CUT,313,cb045-P682551_3-184.jpg,682551,Ryan,M,25,Sowder,US,Ryan Sowder,30,208,Men
1.8,44689.0,Latvia,83.9,CrossFit Riga,CUT,125,cf540-P472642_5-184.jpg,472642,Uldis,M,21,Upenieks,LV,Uldis Upenieks,31,194,Men
1.8,44606.0,United States,83.9,BrewCity CrossFit,CUT,103,79ace-P329279_12-184.jpg,329279,George,M,20,Sterner,US,George Sterner,32,194,Men
1.8,44595.0,Canada,89.4,CrossFit Wonderland,CUT,117,e480e-P469656_1-184.jpg,469656,Jeffrey,M,25,Adler,CA,Jeffrey Adler,33,193,Men
1.56,44725.0,Switzerland,90.7,CrossFit Kreis 9,CUT,307,b98a5-P2766_6-184.jpg,2766,Lukas,M,26,Esslinger,CH,Lukas Esslinger,34,191,Men
1.56,44600.0,Canada,88.5,Deka CrossFit,CUT,104,ab5f0-P327636_3-184.jpg,327636,Samuel,M,23,Cournoyer,CA,Samuel Cournoyer,35,186,Men
1.77,44741.0,Australia,87.1,CrossFit Lionmode,CUT,118,1ce47-P8690_5-184.jpg,8690,Dean,M,28,Linder-Leighton,AU,Dean Linder-Leighton,36,170,Men
1.74,44725.0,Finland,84.8,CrossFit Kreis 9,CUT,131,9f8e1-P173837_3-184.jpg,173837,Jonne,M,24,Koski,FI,Jonne Koski,37,165,Men
1.56,44591.0,United States,90.7,CrossFit Invictus,CUT,114,a0d02-P28040_5-184.jpg,28040,Eric,M,31,Carmody,US,Eric Carmody,38,160,Men
1.55,44752.0,United States,83.9,LumberYard CrossFit,CUT,106,709b2-P501728_4-184.jpg,501728,Jason,M,30,Carroll,US,Jason Carroll,39,159,Men
1.83,44702.0,Norway,92.1,CrossFit Sandvika,CUT,152,5b3bf-P542883_2-184.jpg,542883,Nicolay,M,29,Billaudel,NO,Nicolay Billaudel,40,154,Men
1.83,44948.0,United States,95.3,CrossFit Fond du Lac,CUT,314,907aa-P8325_6-184.jpg,8325,Nick,M,33,Bloch,US,Nick Bloch,41,116,Men
1.83,,Poland,98.9,,CUT,305,9750f-P250172_2-184.jpg,250172,Bronislaw,M,30,Olenkowicz,PL,Bronislaw Olenkowicz,42,112,Men
1.8,44669.0,Lithuania,87.1,CrossFit 82,CUT,143,2d23e-P432338_3-184.jpg,432338,Arminas,M,26,Balevicius,LT,Arminas Balevicius,43,108,Men
1.56,44623.0,Egypt,92.1,CrossFit MetaliZe,CUT,173,f6b3e-P487949_3-184.jpg,487949,Mohamed,M,31,Elomda,EG,Mohamed Elomda,44,100,Men
1.56,44592.0,Sweden,94.8,CrossFit Riders,CUT,112,f749d-P106655_3-184.jpg,106655,Simon,M,28,Mäntylä,SE,Simon Mäntylä,45,99,Men
1.55,44794.0,United States,87.1,Shockoe Bottom CrossFit,CUT,306,b1338-P244353_1-184.jpg,244353,John-Paul,M,26,Hethcock,US,John-Paul Hethcock,46,92,Men
1.56,44747.0,Slovenia,86.2,Reebok CrossFit Ljubljana,CUT,181,pukie.png,842919,Aleks,M,26,Koštomaj,SI,Aleks Koštomaj,47,90,Men
1.77,,Hungary,84.8,,CUT,139,fabed-P511473_2-184.jpg,511473,Gábor,M,28,Török,HU,Gábor Török,48,86,Men
1.8,44660.0,Brazil,87.1,CrossFit Al Ain,CUT,142,1853e-P686308_3-184.jpg,686308,Guilherme,M,19,Malheiros,BR,Guilherme Malheiros,49,74,Men
1.77,,Argentina,79.8,,CUT,134,7870f-P478414_5-184.jpg,478414,Agustin,M,22,Richelme,AR,Agustin Richelme,50,66,Men
1.71,44734.0,Colombia,74.8,CrossFit Canarias,CUT,161,306d0-P468290_1-184.jpg,468290,Bryan,M,21,Hernández,CO,Bryan Hernández,51,53,Men
1.8,44655.0,Belgium,86.2,CrossFit Albi,CUT,165,d7e4d-P677889_5-184.jpg,677889,Alban,M,24,Dubois,BE,Alban Dubois,52,49,Men
1.8,44672.0,New Zealand,88.0,Thorndon CrossFit,CUT,138,1353d-P221436_10-184.jpg,221436,Luke,M,29,Fiso,NZ,Luke Fiso,53,48,Men
1.74,44758.0,Mexico,81.6,CrossFit 3 Sons,CUT,144,b159c-P155471_5-184.jpg,155471,Darwin,M,30,Perez,MX,Darwin Perez,54,47,Men
1.8,,Guatemala,88.0,,CUT,159,db495-P286311_4-184.jpg,286311,Marlon,M,33,Azurdia,GT,Marlon Azurdia,55,46,Men
1.8,44732.0,Russian Federation,87.1,CrossFit Idol,CUT,133,9cea9-P1325298_1-184.jpg,1325298,Aleksandar,M,29,Ilin,RU,Aleksandar Ilin,56,45,Men
1.8,44610.0,Spain,73.9,CrossFit Zurriola,CUT,148,5bcb0-P351417_1-184.jpg,351417,Alexander,M,27,Anasagasti,ES,Alexander Anasagasti,57,41,Men
1.8,44596.0,United Arab Emirates,88.0,CrossFit Alioth,CUT,158,cae81-P1697328_1-184.jpg,1697328,Mahmood,M,26,Shalan,AE,Mahmood Shalan,58,40,Men
1.55,44659.0,Slovakia,83.9,CrossFit BBros,CUT,149,f9e0a-P119313_6-184.jpg,119313,Erik,M,29,Toth,SK,Erik Toth,59,35,Men
1.74,44713.0,Greece,81.2,CrossFit North Zone,CUT,123,931eb-P514502_2-184.jpg,514502,Lefteris,M,29,Theofanidis,GR,Lefteris Theofanidis,60,34,Men
1.77,44755.0,Turkey,76.7,CrossFit Boran,CUT,166,0cb10-P231921_6-184.jpg,231921,Ates,M,33,Boran,TR,Ates Boran,61,33,Men
1.89,44942.0,United States,93.0,Precision CrossFit,CUT,401,43261-P196667_2-184.jpg,196667,Hunter,M,30,McIntyre,US,Hunter McIntyre,62,31,Men
1.83,44591.0,Luxembourg,95.3,CrossFit Invictus,CUT,156,60a27-P160128_2-184.jpg,160128,Connor,M,25,Nellans,LU,Connor Nellans,63,31,Men
1.56,,Croatia,91.2,,CUT,178,pukie.png,858387,Augustin,M,29,Vilicnik,HR,Augustin Vilicnik,64,31,Men
0.15,44696.0,Japan,83.9,BeeGrow CrossFit,CUT,171,fbb8f-P849478_2-184.jpg,849478,Shingo,M,32,Moromasa,JP,Shingo Moromasa,65,31,Men
1.74,44638.0,Jordan,79.8,CrossFit 962,CUT,172,e2cfb-P315266_3-184.jpg,315266,Amin,M,25,Attallah,JO,Amin Attallah,66,25,Men
0.03,44636.0,Venezuela,76.2,CrossFit 4 L,CUT,141,cb959-P270266_2-184.jpg,270266,Omar,M,27,Martinez,VE,Omar Martinez,67,24,Men
1.83,44719.0,Netherlands,91.2,CrossFit Finestrat,CUT,160,a2893-P423302_1-184.jpg,423302,Sam,M,22,Lubben,NL,Sam Lubben,68,23,Men
1.83,,Nigeria,87.1,,CUT,188,85757-P1692338_1-184.jpg,1692338,Uyi Nosa,M,29,Osawe,NG,Uyi Nosa Osawe,69,20,Men
1.56,44673.0,Austria,89.8,Triller CrossFit,CUT,147,3f1be-P275390_1-184.jpg,275390,Christoph,M,31,Koerner,AT,Christoph Koerner,70,18,Men
1.83,44643.0,Ukraine,88.9,CrossFit Sea Energy,CUT,154,1d878-P470906_2-184.jpg,470906,Oleksandr,M,29,Shkoliarenko,UA,Oleksandr Shkoliarenko,71,18,Men
1.89,44690.0,Bosnia and Herzegovina,87.1,Tantum CrossFit,CUT,170,f6ae1-P667464_4-184.jpg,667464,Đorđe,M,24,Đurić,BA,Đorđe Đurić,72,16,Men
1.77,44729.0,Palestinian Territory,87.1,CrossFit Ramallah,CUT,168,db955-P1076087_3-184.jpg,1076087,Hamzeh,M,24,Tarefi,PS,Hamzeh Tarefi,73,13,Men
1.83,,Chile,89.8,,CUT,153,b8edd-P1178252_1-184.jpg,1178252,Piero,M,27,Gorichon,CL,Piero Gorichon,74,7,Men
1.77,,Tunisia,76.2,,CUT,196,298c2-P844066_3-184.jpg,844066,Marzougui,M,28,Mootez,TN,Marzougui Mootez,75,3,Men
1.55,44736.0,Zimbabwe,86.2,CrossFit Dignus,CUT,182,433f0-P105253_8-184.jpg,105253,Jean-Claude,M,27,Jardim,ZW,Jean-Claude Jardim,76,3,Men
1.8,44699.0,Kuwait,88.0,Circuit Plus CrossFit Shuwaikh,CUT,185,49d3e-P703126_1-184.jpg,703126,Khalid,M,32,Aljarallah,KW,Khalid Aljarallah,77,-2,Men
1.83,44627.0,Paraguay,88.0,BIGG CrossFit Herrera,CUT,177,70c62-P683220_4-184.jpg,683220,Diego,M,28,Kemper,PY,Diego Kemper,78,-3,Men
1.83,,Romania,88.0,,CUT,162,dcd71-P213806_3-184.jpg,213806,Severin,M,31,Irimia,RO,Severin Irimia,79,-4,Men
1.77,44628.0,Belize,77.1,CrossFit Subterranean,CUT,201,c6cea-P1523179_7-184.jpg,1523179,Vernon,M,30,Neal,BZ,Vernon Neal,80,-5,Men
1.74,44765.0,Portugal,83.9,CrossFit OPO,CUT,155,50ca1-P233855_8-184.jpg,233855,João,M,24,Ferreira,PT,João Ferreira,81,-6,Men
1.55,44614.0,Dominican Republic,92.5,CrossFit Steel Factory,CUT,187,6518d-P256607_4-184.jpg,256607,Eusebio,M,34,Aldano,DO,Eusebio Aldano,82,-7,Men
1.8,44971.0,United States,86.2,CrossFit Crash,CUT,315,b3ff4-P93473_3-184.jpg,93473,Josh,M,30,Miller,US,Josh Miller,83,-8,Men
0.18,44633.0,Panama,83.9,Reebok CrossFit PTY,CUT,186,fd95b-P191624_2-184.jpg,191624,Alvaro,M,33,Lopez,PA,Alvaro Lopez,84,-9,Men
1.8,44617.0,Canada,88.5,Tonic CrossFit,CUT,124,47f1f-P308712_3-184.jpg,308712,Jean-Simon,M,25,Roy-Lemaire,CA,Jean-Simon Roy-Lemaire,85,-10,Men
1.8,44742.0,Philippines,83.9,Avant Garde CrossFit,CUT,183,6aece-P434258_1-184.jpg,434258,Justin,M,25,Hernandez,PH,Justin Hernandez,86,-11,Men
1.71,,Honduras,77.1,,CUT,189,17cc4-P345700_4-184.jpg,345700,Franky,M,31,Wood,HN,Franky Wood,87,-12,Men
1.8,44596.0,United States,88.5,CrossFit Alioth,CUT,109,0e176-P247005_2-184.jpg,247005,Streat,M,24,Hoerner,US,Streat Hoerner,88,-13,Men
1.77,44647.0,Kenya,86.2,CrossFit Progression,CUT,215,33ba3-P1721_9-184.jpg,1721,Jeremy,M,28,Mghenyi,KE,Jeremy Mghenyi,89,-14,Men
1.83,44603.0,United States,93.0,CrossFit T-Town,CUT,107,c7ff3-P755342_4-184.jpg,755342,Zachery,M,25,Buntin,US,Zachery Buntin,90,-15,Men
1.56,44685.0,Estonia,83.0,CrossFit Tartu,CUT,200,310fb-P733576_3-184.jpg,733576,Mihkel,M,24,Keldoja,EE,Mihkel Keldoja,91,-16,Men
1.74,44684.0,Bulgaria,73.0,CrossFit Worlds End,CUT,176,7d6b8-P658408_1-184.jpg,658408,Stavri,M,27,Stavrev,BG,Stavri Stavrev,92,-17,Men
1.77,44722.0,Uruguay,82.1,Instinto CrossFit,CUT,167,ec81d-P326958_3-184.jpg,326958,Santiago,M,25,Comba,UY,Santiago Comba,93,-18,Men
1.55,44621.0,Poland,83.0,CrossFit R99,CUT,129,5a339-P179080_6-184.jpg,179080,Bartek,M,29,Lipka,PL,Bartek Lipka,94,-19,Men
1.55,44743.0,Tonga,81.2,CrossFit 3216,CUT,232,28dd6-P9839_2-184.jpg,9839,Andre,M,36,Alipate,TO,Andre Alipate,95,-20,Men
1.89,44709.0,Guyana,90.7,CrossFit 592,CUT,213,3ecb5-P595818_2-184.jpg,595818,Dillon,M,23,Mahadeo,GY,Dillon Mahadeo,96,-21,Men
1.86,44681.0,Angola,96.2,Ultimate Burn CrossFit,CUT,195,02d1a-P1402559_1-184.jpg,1402559,Marco,M,30,Almeida,AO,Marco Almeida,97,-22,Men
1.8,44640.0,Iran,79.4,Diablo CrossFit,CUT,203,407e4-P34025_10-184.jpg,34025,Payam,M,32,Saljoughian,IR,Payam Saljoughian,98,-23,Men
1.74,44695.0,Bahrain,81.2,CrossFit Delmon,CUT,191,pukie.png,297397,Majid,M,28,Al Sharaf,BH,Majid Al Sharaf,99,-24,Men
1.56,44605.0,United States,90.7,Glass City CrossFit,CUT,110,b97b3-P571999_1-184.jpg,571999,Richard Paul,M,29,Castillo,US,Richard Paul Castillo,100,-25,Men
1.55,44666.0,Czech Republic,89.8,CrossFit With Us,CUT,163,7c091-P458360_1-184.jpg,458360,David,M,24,Stroupek,CZ,David Stroupek,101,-26,Men
1.74,,Ecuador,79.8,,CUT,180,79f38-P907105_2-184.jpg,907105,Sebastian,M,22,Rodriguez,EC,Sebastian Rodriguez,102,-27,Men
1.55,44715.0,Belarus,92.1,CrossFit Kaban (departed),CUT,157,44ef7-P675164_2-184.jpg,675164,Nikita,M,26,Yundov,BY,Nikita Yundov,103,-28,Men
1.74,,Malaysia,69.9,,CUT,206,e6cf3-P25613_4-184.jpg,25613,Edmund,M,33,Tan,MY,Edmund Tan,104,-29,Men
1.89,44768.0,Jamaica,85.7,Be CrossFit,CUT,208,dd7fb-P495051_5-184.jpg,495051,Sion,M,46,Brinn,JM,Sion Brinn,105,-30,Men
1.55,44723.0,Australia,89.8,CrossFit Townsville,CUT,126,pukie.png,337194,Bayden,M,24,Brown,AU,Bayden Brown,106,-31,Men
1.86,44774.0,United States,97.5,CrossFit Pallas,CUT,120,c15ef-P20698_9-184.jpg,20698,Tim,M,29,Paulson,US,Tim Paulson,107,-32,Men
1.74,44739.0,"Korea, Republic of",78.9,CrossFit Limelight,CUT,150,28046-P278578_3-184.jpg,278578,JiMoo,M,28,Son,KR,JiMoo Son,108,-33,Men
1.74,44620.0,Trinidad and Tobago,80.7,Igone CrossFit,CUT,197,d3193-P227027_2-184.jpg,227027,Mattheaus,M,28,Otero,TT,Mattheaus Otero,109,-34,Men
1.77,44707.0,Morocco,83.9,CrossFit The Flying V,CUT,198,a2b0a-P32083_8-184.jpg,32083,Karim,M,33,El Hlimi,MA,Karim El Hlimi,110,-35,Men
1.86,,Bahamas,88.5,,CUT,219,ca414-P916290_1-184.jpg,916290,David,M,28,Morley,BS,David Morley,111,-36,Men
1.89,44693.0,El Salvador,83.9,RD CrossFit,CUT,211,d8f35-P683301_1-184.jpg,683301,Rodrigo,M,31,Beltrán,SV,Rodrigo Beltrán,112,-37,Men
1.8,44736.0,Lebanon,79.8,CrossFit Dignus,CUT,194,8f57c-P523439_1-184.jpg,523439,Moustafa,M,29,Awada,LB,Moustafa Awada,113,-38,Men
1.55,44618.0,Saudi Arabia,83.9,966 CrossFit Al-Nahda,CUT,207,6e032-P639107_2-184.jpg,639107,Hussain,M,29,Saeedi,SA,Hussain Saeedi,114,-39,Men
1.71,44698.0,Peru,81.2,PUL CrossFit,CUT,174,489ba-P915210_1-184.jpg,915210,Jovaldo,M,30,Miranda,PE,Jovaldo Miranda,115,-40,Men
1.77,44650.0,Indonesia,69.9,CrossFit 6221,CUT,209,ce806-P1129621_1-184.jpg,1129621,Mahendra,M,29,Arditirta,ID,Mahendra Arditirta,116,-41,Men
1.8,44726.0,Ghana,83.9,CrossFit Leeds,CUT,230,b958b-P921544_2-184.jpg,921544,Edem,M,28,Ahiaku,GH,Edem Ahiaku,117,-42,Men
1.74,44733.0,Kosovo,79.8,CrossFit HelvetiX,CUT,205,c8255-P722854_3-184.jpg,722854,Robert,M,32,Berisha,XK,Robert Berisha,118,-43,Men
1.74,44751.0,Costa Rica,83.0,Training PIT CrossFit,CUT,164,ab1de-P781908_2-184.jpg,781908,William,M,28,Sanchez,CR,William Sanchez,119,-44,Men
1.55,44760.0,Barbados,86.2,CrossFit Hammersmith,CUT,214,ebd25-P352604_3-184.jpg,352604,Richy,M,30,Jordan,BB,Richy Jordan,120,-45,Men
1.8,44687.0,Israel,72.1,CrossFit Florentin,CUT,151,5fbd6-P327773_1-184.jpg,327773,Yuval,M,31,Regev,IL,Yuval Regev,121,-46,Men
1.56,44651.0,Algeria,86.2,CrossFit TANKA,CUT,202,8d246-P848265_2-184.jpg,848265,Chaker,M,30,Alouni,DZ,Chaker Alouni,122,-47,Men
1.8,,Qatar,81.2,,CUT,225,c51e2-P235246_1-184.jpg,235246,Khalid,M,30,Alhamadi,QA,Khalid Alhamadi,123,-48,Men
1.74,,Malta,79.8,,CUT,212,c251c-P644351_2-184.jpg,644351,Daryl,M,32,Borg,MT,Daryl Borg,124,-49,Men
1.55,44757.0,Iraq,83.9,CrossFit AKA,CUT,223,pukie.png,54259,Mustafa,M,29,El-Lari,IQ,Mustafa El-Lari,125,-50,Men
1.8,44668.0,Cyprus,90.7,CrossFit Limassol,CUT,169,ba829-P296529_2-184.jpg,296529,Achilleas,M,28,Pantazis,CY,Achilleas Pantazis,126,-51,Men
1.77,44750.0,Senegal,76.2,Casa CrossFit Anfa,CUT,229,ebdc1-P1523543_1-184.jpg,1523543,Mody,M,39,Traore,SN,Mody Traore,127,-52,Men
1.77,44704.0,Italy,82.1,Reebok CrossFit Officine,CUT,140,96329-P544958_1-184.jpg,544958,Stefano,M,30,Migliorini,IT,Stefano Migliorini,128,-53,Men
1.74,44749.0,Botswana,66.2,CrossFit Gaborone,CUT,231,2b559-P1223806_1-184.jpg,1223806,Katlego,M,31,Kgwadi,BW,Katlego Kgwadi,129,-54,Men
1.74,44691.0,Saint Lucia,81.6,CrossFit 414,CUT,226,d3a99-P574502_1-184.jpg,574502,Heskeith,M,38,Flavien,LC,Heskeith Flavien,130,-55,Men
1.8,,Mozambique,72.1,,CUT,233,6d0fa-P851037_1-184.jpg,851037,Pack,M,29,Santos,MZ,Pack Santos,131,-56,Men
1.74,44649.0,Cambodia,72.1,CrossFit Yiqi,CUT,222,137ce-P555634_2-184.jpg,555634,Kobe,M,31,Khy,KH,Kobe Khy,132,-57,Men
1.8,44705.0,Afghanistan,69.9,CrossFit Malmö,CUT,227,fe3b0-P1306552_1-184.jpg,1306552,Sami,M,30,Salampur,AF,Sami Salampur,133,-58,Men
1.77,44761.0,Nicaragua,83.9,CrossFit FE,CUT,193,fc318-P1122311_1-184.jpg,1122311,Arturocesar,M,21,Mora,NI,Arturocesar Mora,134T,-59,Men
1.71,44683.0,Pakistan,66.2,CrossFit BNB,CUT,216,ec202-P457993_3-184.jpg,457993,Bilal,M,31,Tariq,PK,Bilal Tariq,134T,-59,Men
1.8,44680.0,India,84.8,CrossFit 7 Seas,CUT,192,fa3de-P253911_1-184.jpg,253911,Vedharth,M,25,Thappa,IN,Vedharth Thappa,134T,-59,Men
1.68,44712.0,Singapore,70.8,CrossFit Mobilus,CUT,199,ea942-P425160_3-184.jpg,425160,Ian,M,24,Wee,SG,Ian Wee,134T,-59,Men
1.8,44645.0,Bolivia,86.2,Hudson River CrossFit (departed),CUT,184,cde95-P199533_10-184.jpg,199533,J. Rodrigo,M,26,Agreda,BO,J. Rodrigo Agreda,138T,-63,Men
1.71,44728.0,Sri Lanka,73.5,CrossFit Ceylon,CUT,221,5c4d9-P96918_4-184.jpg,96918,Andy,M,30,Andrews,LK,Andy Andrews,138T,-63,Men
1.74,44721.0,Andorra,86.2,La Borda CrossFit,CUT,190,03216-P464588_6-184.jpg,464588,Enric,M,32,Closa,AD,Enric Closa,138T,-63,Men
1.74,44975.0,Papua New Guinea,69.9,CrossFit Port Moresby,CUT,234,56d6c-P1095623_1-184.jpg,1095623,Kila,M,38,Kilaverave,PG,Kila Kilaverave,138T,-63,Men
1.65,44711.0,Viet Nam,63.5,AllSport CrossFit,CUT,228,pukie.png,839047,Keith,M,31,Nhan,VN,Keith Nhan,138T,-63,Men
1.8,44767.0,Denmark,83.9,CrossFit Reykjavík,CUT,127,ef40c-P18543_11-184.jpg,18543,Frederik,M,32,Aegidius,DK,Frederik Aegidius,143T,,Men
1.55,44738.0,Oman,91.2,CrossFit Tempo,WD,218,pukie.png,1382942,Aslam,M,27,Al Shukaili,OM,Aslam Al Shukaili,143T,,Men
1.65,44632.0,Australia,58.1,CrossFit Mayhem,ACT,017,b8a69-P163097_3-184.jpg,163097,Tia-Clair,F,25,Toomey,AU,Tia-Clair Toomey,1,1071,Women
1.65,44731.0,Norway,59.0,CrossFit Oslo,ACT,122,df164-P120480_7-184.jpg,120480,Kristin,F,33,Holte,NO,Kristin Holte,2,876,Women
1.65,44663.0,New Zealand,61.2,CrossFit Yas,ACT,123,101af-P264512_2-184.jpg,264512,Jamie,F,28,Greene,NZ,Jamie Greene,3,851,Women
1.74,44608.0,Iceland,68.0,CrossFit New England,ACT,015,ee582-P55121_22-184.jpg,55121,Katrín Tanja,F,26,Davidsdottir,IS,Katrin Tanja Davidsdottir,4,784,Women
1.62,44589.0,United States,63.0,CrossFit Spot,ACT,103,17c8c-P305891_3-184.jpg,305891,Karissa,F,30,Pearce,US,Karissa Pearce,5,714,Women
1.71,44632.0,United States,64.9,CrossFit Mayhem,ACT,116,4c00e-P671666_8-184.jpg,671666,Haley,F,18,Adams,US,Haley Adams,6,711,Women
1.74,44601.0,United States,70.3,Centerville CrossFit,ACT,104,7a4f2-P174547_5-184.jpg,174547,Amanda,F,27,Barnhart,US,Amanda Barnhart,7,706,Women
1.65,44951.0,United States,65.8,Streamline CrossFit,ACT,301,69340-P592472_6-184.jpg,592472,Bethany,F,25,Shadburne,US,Bethany Shadburne,8,659,Women
1.62,44717.0,Greece,63.0,CrossFit Kallithea,ACT,167,5b3c7-P252900_1-184.jpg,252900,Anna,F,29,Fragkou,GR,Anna Fragkou,9,640,Women
1.68,44952.0,Iceland,59.0,CrossFit Zug,ACT,119,4641e-P19501_6-184.jpg,19501,Thuridur Erla,F,27,Helgadottir,IS,Thuridur Erla Helgadottir,10,611,Women
1.74,44754.0,United States,68.0,CrossFit Envy,CUT,108,59c42-P349097_4-184.jpg,349097,Danielle,F,23,Brandon,US,Danielle Brandon,11,376,Women
1.74,44767.0,Iceland,68.9,CrossFit Reykjavík,CUT,011,15f17-P18588_4-184.jpg,18588,Annie,F,29,Thorisdottir,IS,Annie Thorisdottir,12,370,Women
1.62,44598.0,Canada,65.3,CrossFit Colosseum,CUT,107,9bab8-P239148_10-184.jpg,239148,Carolyne,F,29,Prevost,CA,Carolyne Prevost,13,365,Women
1.71,44640.0,Italy,70.3,Diablo CrossFit,CUT,130,a0400-P37537_14-184.jpg,37537,Alessandra,F,33,Pichelli,IT,Alessandra Pichelli,14,365,Women
1.74,44659.0,Hungary,68.9,CrossFit BBros,CUT,152,c1412-P591912_5-184.jpg,591912,Laura,F,22,Horvath,HU,Laura Horvath,15,356,Women
1.71,44603.0,United States,68.0,CrossFit T-Town,CUT,102,16c0e-P168305_8-184.jpg,168305,Brooke,F,24,Wells,US,Brooke Wells,16,351,Women
1.68,44615.0,Canada,65.8,CrossFit Saint Jerome,CUT,126,fb6c4-P103389_9-184.jpg,103389,Carol-Ann,F,31,Reason-Thibault,CA,Carol-Ann Reason-Thibault,17,328,Women
1.74,44674.0,United Kingdom,61.2,CrossFit Black Five,CUT,013,0e63d-P2536_14-184.jpg,2536,Samantha,F,37,Briggs,GB,Samantha Briggs,18,318,Women
1.74,,Canada,68.0,,CUT,314,22eb9-P484380_3-184.jpg,484380,Emily,F,30,Rolfe,CA,Emily Rolfe,19,317,Women
1.77,44631.0,Iceland,68.9,CrossFit Sudurnes,CUT,121,53249-P8859_6-184.jpg,8859,Ragnheiður Sara,F,26,Sigmundsdottir,IS,Ragnheiður Sara Sigmundsdottir,20,294,Women
1.68,44667.0,Ireland,64.0,CrossFit Berserk,CUT,128,69815-P239442_5-184.jpg,239442,Emma,F,29,McQuaid,IE,Emma McQuaid,21,255,Women
1.74,44724.0,Slovakia,73.0,CrossFit Alpha Prime,CUT,127,f5632-P698210_3-184.jpg,698210,Karin,F,24,Freyová,SK,Karin Freyová,22,254,Women
1.58,44785.0,Australia,62.1,CrossFit Urge,CUT,303,082c4-P21556_8-184.jpg,21556,Madeline,F,22,Sturt,AU,Madeline Sturt,23,244,Women
1.71,44956.0,United States,68.0,CrossFit Queens,CUT,306,55677-P115892_12-184.jpg,115892,Meg,F,27,Reardon,US,Meg Reardon,24,243,Women
1.58,44597.0,United States,57.6,CrossFit Mentality,CUT,112,25dfc-P252691_6-184.jpg,252691,Feeroozeh,F,24,Saghafi,US,Feeroozeh Saghafi,25,237,Women
1.65,44607.0,United States,70.3,CrossFit Northlake,CUT,105,d678c-P93497_6-184.jpg,93497,Mekenzie,F,31,Riley,US,Mekenzie Riley,26,228,Women
1.71,44644.0,United States,76.2,SUBU CrossFit,CUT,124,47a8d-P670000_4-184.jpg,670000,Dani,F,25,Speegle,US,Dani Speegle,27,226,Women
1.77,,United States,75.7,,CUT,117,cc303-P245403_2-184.jpg,245403,Colleen,F,29,Fotsch,US,Colleen Fotsch,28,222,Women
1.68,,Sweden,67.6,,CUT,131,b64c8-P2088_7-184.jpg,2088,Camilla,F,28,Salomonsson Hellman,SE,Camilla Salomonsson Hellman,29,208,Women
1.68,44775.0,Australia,68.9,CrossFit Dux,CUT,118,1cb92-P477709_2-184.jpg,477709,Courtney,F,24,Haley,AU,Courtney Haley,30,191,Women
1.62,44900.0,United States,64.9,CrossFit Vertex,CUT,310,e32e0-P531598_13-184.jpg,531598,Paige,F,27,Semenza,US,Paige Semenza,31,171,Women
1.71,44957.0,Sweden,69.9,CrossFit Kungsholmen,CUT,305,45a8f-P887297_1-184.jpg,887297,Emma,F,27,Tall,SE,Emma Tall,32,168,Women
1.62,44653.0,United States,61.2,CrossFit Iron Industry,CUT,114,e5119-P106129_14-184.jpg,106129,Carrie,F,27,Beamer,US,Carrie Beamer,33,167,Women
1.74,44611.0,France,68.9,CrossFit Lyon,CUT,138,e0d82-P330326_3-184.jpg,330326,Carole,F,30,Castellani,FR,Carole Castellani,34,156,Women
1.77,44958.0,United States,69.9,CrossFit Ballina,CUT,311,82da0-P43198_4-184.jpg,43198,Lindsay,F,34,Vaughan,US,Lindsay Vaughan,35,152,Women
1.71,,Switzerland,66.2,,CUT,144,bd785-P390443_1-184.jpg,390443,Alessia Joy,F,25,Wälchli,CH,Alessia Joy Wälchli,36,152,Women
1.71,44657.0,Chile,64.9,CrossFit El Camino,CUT,146,c96ac-P635438_2-184.jpg,635438,Simona,F,23,Quintana,CL,Simona Quintana,37,141,Women
1.8,44592.0,Sweden,79.8,CrossFit Riders,CUT,309,cd349-P796219_2-184.jpg,796219,Hanna,F,26,Karlsson,SE,Hanna Karlsson,38,132,Women
1.65,44953.0,Iceland,58.1,CrossFit EHOH,CUT,308,08a04-P96750_7-184.jpg,96750,Oddrún Eik,F,30,Gylfadottir,IS,Oddrún Eik Gylfadottir,39,125,Women
1.65,44955.0,United States,56.7,CrossFit Tradition,CUT,120,f4527-P9759_2-184.jpg,9759,Cheryl,F,34,Nasso,US,Cheryl Nasso,40,122,Women
0.15,44959.0,United States,59.0,CrossFit 915,CUT,312,733ab-P279929_7-184.jpg,279929,Rachel,F,27,Garibay,US,Rachel Garibay,41,100,Women
1.58,,South Africa,59.9,,CUT,304,1a090-P505225_1-184.jpg,505225,Michelle,F,30,Merand,ZA,Michelle Merand,42,98,Women
1.55,44690.0,Bosnia and Herzegovina,68.9,Tantum CrossFit,CUT,185,d51a9-P667707_5-184.jpg,667707,Ksenija,F,30,Kecman,BA,Ksenija Kecman,43,90,Women
1.62,,United States,67.1,,CUT,113,acfbd-P238208_6-184.jpg,238208,Katie,F,28,Trombetta,US,Katie Trombetta,44,89,Women
1.74,44671.0,Netherlands,71.2,CrossFit Punt Uit,CUT,143,ca838-P248235_6-184.jpg,248235,Leonie,F,25,Henrich,NL,Leonie Henrich,45,86,Women
1.71,44652.0,Belgium,69.9,InnerFight CrossFit DXB,CUT,137,127c3-P103617_4-184.jpg,103617,Carmen,F,30,Bosmans,BE,Carmen Bosmans,46,80,Women
1.71,44735.0,Norway,67.1,C23 CrossFit,CUT,111,162ae-P299053_2-184.jpg,299053,Jacqueline,F,27,Dahlstrøm,NO,Jacqueline Dahlstrøm,47,77,Women
1.71,44668.0,Cyprus,64.9,CrossFit Limassol,CUT,140,d31dd-P258629_1-184.jpg,258629,Thelma,F,32,Christoforou,CY,Thelma Christoforou,48,74,Women
1.58,44630.0,Paraguay,55.8,Kingbull CrossFit,CUT,164,67b53-P452187_3-184.jpg,452187,Carol,F,26,Colling-Romero,PY,Carol Colling-Romero,49,71,Women
1.68,44604.0,United States,66.7,CrossFit Vero Beach,CUT,109,70cfb-P871307_4-184.jpg,871307,McKenzie,F,27,Flinchum,US,McKenzie Flinchum,50,69,Women
1.62,44648.0,Germany,65.8,CrossFit Jackhammer,CUT,149,52c51-P527011_4-184.jpg,527011,Lisa,F,28,Eble,DE,Lisa Eble,51,54,Women
1.74,44954.0,United States,65.8,Root 18 CrossFit,CUT,307,9a3bd-P151555_4-184.jpg,151555,Erin,F,28,Vandendriessche,US,Erin Vandendriessche,52,48,Women
1.74,44670.0,Russian Federation,68.9,CrossFit 19.05,CUT,142,e50bc-P238026_2-184.jpg,238026,Anastasiya,F,34,Ganina,RU,Anastasiya Ganina,53,46,Women
1.74,44759.0,Turkey,68.0,CrossFit SkyLight,CUT,182,fdbbe-P350442_5-184.jpg,350442,Neyran,F,37,Guneli,TR,Neyran Guneli,54,45,Women
1.62,44594.0,United States,68.9,Crucible CrossFit,CUT,110,da460-P115239_4-184.jpg,115239,Brooke,F,30,Haas,US,Brooke Haas,55,44,Women
1.65,44639.0,Mexico,62.6,CrossFit Tigran,CUT,148,9a8bc-P242149_5-184.jpg,242149,Brenda,F,30,Castro,MX,Brenda Castro,56,43,Women
1.68,44725.0,Finland,68.0,CrossFit Kreis 9,CUT,135,4afa1-P39517_4-184.jpg,39517,Emilia,F,32,Leppanen,FI,Emilia Leppanen,57,40,Women
1.62,44970.0,France,58.1,CrossFit Hanuman,CUT,315,763c8-P120277_6-184.jpg,120277,Sabrina,F,27,Caron,FR,Sabrina Caron,58,36,Women
1.74,44616.0,Australia,68.0,CrossFit RI,CUT,115,bbd68-P120247_2-184.jpg,120247,Katelin,F,27,Van Zyl,AU,Katelin Van Zyl,59,36,Women
1.62,44692.0,Bulgaria,61.2,CrossFit Valeo,CUT,161,b8f90-P215510_5-184.jpg,215510,Ralitza,F,30,Koterlitzova,BG,Ralitza Koterlitzova,60,35,Women
1.74,,Croatia,59.9,,CUT,174,d6dbe-P120265_4-184.jpg,120265,Tamara,F,35,Zulim,HR,Tamara Zulim,61,35,Women
1.55,44642.0,Colombia,59.0,Faster CrossFit,CUT,159,71d0d-P1299203_3-184.jpg,1299203,Maria Camila,F,23,Quintero,CO,Maria Camila Quintero,62,34,Women
1.71,44950.0,United States,63.5,Blues City CrossFit,CUT,302,2a499-P235110_4-184.jpg,235110,Taylor,F,28,Streid,US,Taylor Streid,63,32,Women
1.62,44740.0,Israel,68.0,CrossFit White City,CUT,156,8e861-P855131_2-184.jpg,855131,Nicole,F,27,Pettel,IL,Nicole Pettel,64,28,Women
1.8,44609.0,Brazil,73.0,CrossFit Gurkha,CUT,136,04e97-P485089_5-184.jpg,485089,Renata,F,36,Pimentel,BR,Renata Pimentel,65,28,Women
1.74,44620.0,Trinidad and Tobago,58.1,Igone CrossFit,CUT,200,c08ce-P244718_1-184.jpg,244718,Lyndsay,F,29,Murray,TT,Lyndsay Murray,66,27,Women
1.55,44710.0,Japan,52.2,CrossFit Minatomirai,CUT,170,47204-P1055578_2-184.jpg,1055578,Akiko,F,30,Kamitani,JP,Akiko Kamitani,67,26,Women
1.65,44771.0,Guatemala,59.0,CrossFit Tecun Uman,CUT,166,9b212-P359849_9-184.jpg,359849,Vera,F,30,Valdez,GT,Vera Valdez,68,21,Women
1.68,44664.0,Luxembourg,60.8,Reebok CrossFit Valens,CUT,183,ed5a6-P331478_1-184.jpg,331478,Jacky,F,25,Schmitt,LU,Jacky Schmitt,69,19,Women
1.65,44742.0,Philippines,66.7,Avant Garde CrossFit,CUT,157,dfb4b-P477570_4-184.jpg,477570,Kristen,F,26,Lim,PH,Kristen Lim,70,18,Women
1.74,,Austria,64.9,,CUT,141,202f1-P227678_3-184.jpg,227678,Vanessa,F,28,Wagner,AT,Vanessa Wagner,71,18,Women
1.62,44622.0,India,54.4,CrossFit Wolvish,CUT,169,pukie.png,728984,Sanjana,F,26,Sivasalapathi,IN,Sanjana Sivasalapathi,72,18,Women
1.68,44686.0,Ukraine,63.0,CrossFit October,CUT,147,61057-P156732_2-184.jpg,156732,Ganna,F,32,Almazova,UA,Ganna Almazova,73,17,Women
1.77,44679.0,Denmark,68.0,Lofteriet CrossFit,WD,133,b4c66-P695821_4-184.jpg,695821,Julie,F,27,Hougård,DK,Julie Hougård,74,15,Women
1.8,44960.0,Sweden,68.9,CrossFit Walleye,CUT,313,afea2-P468509_1-184.jpg,468509,Alice,F,25,Mille,SE,Alice Mille,75,10,Women
1.52,44764.0,Costa Rica,57.2,Morpho CrossFit,CUT,172,2c947-P517771_2-184.jpg,517771,Marisol,F,35,Umana,CR,Marisol Umana,76,-1,Women
1.74,44654.0,Poland,72.1,CrossFit 72D,CUT,132,51d72-P764556_4-184.jpg,764556,Gabriela,F,20,Migała,PL,Gabriela Miga?a,77,-2,Women
1.58,44727.0,Spain,64.0,CrossFit Norte Redondela,CUT,139,9154c-P683305_3-184.jpg,683305,Sara Alicia,F,29,Fernandez Costas,ES,Sara Alicia Fernandez Costas,78,-3,Women
1.71,44770.0,Peru,65.8,Altair CrossFit,CUT,158,80020-P295501_4-184.jpg,295501,Sofia,F,31,Bermeo,PE,Sofia Bermeo,79,-4,Women
1.71,,Malta,69.9,,CUT,165,pukie.png,1119795,Jessica,F,35,Borg Ghigo,MT,Jessica Borg Ghigo,80,-5,Women
1.62,44720.0,Nicaragua,63.5,Freakin CrossFit,CUT,180,4a502-P978472_1-184.jpg,978472,Fernanda,F,26,Saavedra,NI,Fernanda Saavedra,81,-6,Women
1.71,44666.0,Czech Republic,72.1,CrossFit With Us,CUT,150,a4796-P663979_1-184.jpg,663979,Sona,F,31,Karaskova,CZ,Sona Karaskova,82,-7,Women
1.58,44697.0,Oman,58.1,CrossFit Engine 38,CUT,192,b92ff-P498697_3-184.jpg,498697,Pasent,F,31,Medhat,OM,Pasent Medhat,83,-8,Women
0.15,,Dominican Republic,55.3,,CUT,178,48a12-P1351483_1-184.jpg,1351483,Sheerly,F,21,Bueno Reyes,DO,Sheerly Bueno Reyes,84,-9,Women
1.52,44625.0,Belize,54.4,CrossFit San Pedro Town,CUT,189,a6c01-P922058_1-184.jpg,922058,Cricel,F,30,Castillo,BZ,Cricel Castillo,85,-10,Women
1.62,44623.0,United Arab Emirates,55.8,CrossFit MetaliZe,CUT,176,b28bf-P953791_2-184.jpg,953791,Shahad,F,24,Budebs,AE,Shahad Budebs,86,-11,Women
1.74,44661.0,Estonia,68.9,Tallinn CrossFit,CUT,181,247da-P1217058_4-184.jpg,1217058,Anastassia,F,24,Psenitsnaja,EE,Anastassia Psenitsnaja,87,-12,Women
1.58,44716.0,Indonesia,58.1,CrossFit Limburg,CUT,191,3bfbc-P899345_1-184.jpg,899345,Citra,F,36,Ramaniya,ID,Citra Ramaniya,88,-13,Women
1.55,44619.0,Kuwait,61.2,CrossFit 965,CUT,196,7a441-P297753_3-184.jpg,297753,Hajer,F,32,Jamal,KW,Hajer Jamal,89,-14,Women
1.65,44729.0,Palestinian Territory,56.7,CrossFit Ramallah,CUT,212,92818-P661734_2-184.jpg,661734,Marian,F,26,Khoury,PS,Marian Khoury,90,-15,Women
1.71,44640.0,Namibia,70.3,Diablo CrossFit,CUT,173,dd19f-P106380_2-184.jpg,106380,Lara,F,31,Erlank,NA,Lara Erlank,91,-16,Women
0.03,44633.0,Panama,58.1,Reebok CrossFit PTY,CUT,179,e9518-P1237131_1-184.jpg,1237131,Luaneth,F,20,Alveo,PA,Luaneth Alveo,92T,-17,Women
1.55,,Malaysia,54.0,,CUT,199,67c12-P451905_1-184.jpg,451905,Amira,F,28,Ayob,MY,Amira Ayob,92T,-17,Women
1.65,44748.0,Bolivia,58.1,Barra Norte CrossFit,CUT,155,575cb-P737357_4-184.jpg,737357,Martha,F,32,Berrocal,BO,Martha Berrocal,92T,-17,Women
1.62,,Romania,59.9,,CUT,151,0bf75-P456619_5-184.jpg,456619,Oana Catalina,F,32,Chelmus,RO,Oana Catalina Chelmus,92T,-17,Women
1.68,44744.0,Belarus,68.0,Mad Hall CrossFit,CUT,184,a58e2-P685943_1-184.jpg,685943,Tatiana,F,19,Diakou,BY,Tatiana Diakou,92T,-17,Women
1.74,44624.0,Barbados,59.0,CrossFit Towards,CUT,190,89fcb-P239902_2-184.jpg,239902,Kira,F,37,Oliver,BB,Kira Oliver,92T,-17,Women
1.68,44629.0,Ecuador,74.8,Lycan CrossFit,CUT,171,2985b-P239210_3-184.jpg,239210,Andrea,F,33,Rodriguez,EC,Andrea Rodriguez,92T,-17,Women
1.55,,Argentina,62.6,,CUT,134,9fb3f-P534577_4-184.jpg,534577,Melina,F,23,Rodriguez,AR,Melina Rodriguez,92T,-17,Women
1.55,44637.0,South Africa,79.8,CrossFit Tijger Valley,CUT,154,2b314-P101929_8-184.jpg,101929,Dina,F,30,Swift,ZA,Dina Swift,92T,-17,Women
1.71,44763.0,Suriname,62.1,Rock CrossFit Paramaribo,CUT,210,95aa1-P1280595_1-184.jpg,1280595,Ava,F,17,Zalman,SR,Ava Zalman,92T,-17,Women
1.65,44646.0,"Korea, Republic of",58.1,CrossFit Zest,CUT,162,8161e-P56664_8-184.jpg,56664,Heidi,F,33,Choi,KR,Heidi Choi,102T,-27,Women
1.62,44712.0,Singapore,59.9,CrossFit Mobilus,CUT,187,a06df-P444527_6-184.jpg,444527,Landy Pui Boon,F,30,Eng,SG,Landy Pui Boon Eng,102T,-27,Women
1.55,44703.0,Egypt,59.9,CrossFit Tycoons,CUT,163,6dcab-P1192351_3-184.jpg,1192351,Aya,F,25,Fouad,EG,Aya Fouad,102T,-27,Women
1.68,44706.0,Uruguay,59.9,CrossFit Del Sur,CUT,175,527ab-P345836_15-184.jpg,345836,Victoria,F,28,Frascolla,UY,Victoria Frascolla,102T,-27,Women
1.55,44660.0,Syrian Arab Republic,53.1,CrossFit Al Ain,CUT,211,8b303-P1203632_1-184.jpg,1203632,Alaa,F,32,Hannora,SY,Alaa Hannora,102T,-27,Women
1.65,44718.0,China,63.0,CrossFit X Ray,CUT,168,b9435-P893571_1-184.jpg,893571,Tsai-Jui,F,26,Hung,CN,Tsai-Jui Hung,102T,-27,Women
1.58,44730.0,Brunei Darussalam,59.9,Reebok CrossFit 673,CUT,193,70370-P586509_3-184.jpg,586509,Nina,F,27,Juna,BN,Nina Juna,102T,-27,Women
1.68,44745.0,Morocco,65.8,CrossFit Ain Diab,CUT,205,a709f-P1037933_2-184.jpg,1037933,Sanaa,F,31,Mandar,MA,Sanaa Mandar,102T,-27,Women
1.8,44656.0,Kenya,68.0,CrossFit TDS (Inactive),CUT,204,014fc-P1111705_1-184.jpg,1111705,Sheena,F,36,Miller,KE,Sheena Miller,102T,-27,Women
1.71,,Honduras,61.2,,CUT,160,4fb38-P687711_1-184.jpg,687711,Gabriela,F,28,Perez,HN,Gabriela Perez,102T,-27,Women
1.65,44675.0,Portugal,60.8,CrossFit Feira,CUT,153,7e476-P382954_2-184.jpg,382954,Sara,F,30,Pinto,PT,Sara Pinto,102T,-27,Women
1.68,44678.0,Tunisia,65.8,Reebok CrossFit Louvre,CUT,194,fa495-P106999_5-184.jpg,106999,Jessica,F,38,Sanki,TN,Jessica Sanki,102T,-27,Women
1.58,44694.0,Lebanon,57.6,CrossFit 309,CUT,195,892e3-P1169213_1-184.jpg,1169213,Danielle,F,26,Shanine,LB,Danielle Shanine,102T,-27,Women
1.71,44641.0,Lithuania,63.5,Patriot CrossFit,CUT,198,6a0f9-P246355_1-184.jpg,246355,Vilija,F,43,Teel,LT,Vilija Teel,102T,-27,Women
1.25,44769.0,El Salvador,52.2,CrossFit Fortaleza,CUT,201,930f8-P671201_1-184.jpg,671201,Patricia,F,44,Trujillo,SV,Patricia Trujillo,102T,-27,Women
1.74,44709.0,Guyana,66.7,CrossFit 592,CUT,206,69fd3-P1131171_2-184.jpg,1131171,Delice,F,21,Adonis,GY,Delice Adonis,117T,-42,Women
1.8,44638.0,Jordan,73.9,CrossFit 962,CUT,177,6645e-P419506_4-184.jpg,419506,Dema,F,33,Al Zebdieh,JO,Dema Al Zebdieh,117T,-42,Women
1.68,44682.0,Saudi Arabia,69.9,CrossFit AlKhobar,CUT,202,8ca67-P768482_1-184.jpg,768482,Amal,F,34,Alshahrani,SA,Amal Alshahrani,117T,-42,Women
1.68,44772.0,Mozambique,59.9,Super Set CrossFit,CUT,221,48d77-P1521380_1-184.jpg,1521380,Zaida,F,41,Amade,MZ,Zaida Amade,117T,-42,Women
0.15,44634.0,Samoa,73.0,CrossFit NWA,CUT,203,d8398-P488881_2-184.jpg,488881,MariaNive,F,37,Clark,WS,MariaNive Clark,117T,-42,Women
1.74,44612.0,Venezuela,72.1,CrossFit Soul Miami,CUT,145,3109d-P277184_5-184.jpg,277184,Laura,F,25,Gonzalez-Marin,VE,Laura Gonzalez-Marin,117T,-42,Women
1.77,,Latvia,65.8,,CUT,186,ca655-P683201_2-184.jpg,683201,Krista,F,27,Kraskura,LV,Krista Kraskura,117T,-42,Women
1.65,44714.0,Bahamas,73.5,CrossFit Potcake,CUT,219,6dd13-P280553_2-184.jpg,280553,Chanelle,F,41,Munroe,BS,Chanelle Munroe,117T,-42,Women
1.65,44613.0,Pakistan,56.2,Norwottuck CrossFit,CUT,217,e4975-P975294_2-184.jpg,975294,Mishka,F,34,Murad,PK,Mishka Murad,117T,-42,Women
1.62,44746.0,Viet Nam,57.2,CrossFit Thao Dien,CUT,216,6bfa4-P1176528_1-184.jpg,1176528,Trang,F,27,Nguyen,VN,Trang Nguyen,117T,-42,Women
1.62,44749.0,Botswana,63.0,CrossFit Gaborone,CUT,215,0f8c9-P1218177_1-184.jpg,1218177,Cingiwe Ciegy,F,35,Seru,BW,Cingiwe Ciegy Seru,117T,-42,Women
1.74,44721.0,Andorra,64.0,La Borda CrossFit,CUT,208,5202e-P1243131_2-184.jpg,1243131,Miriam,F,25,Torra,AD,Miriam Torra Sola,117T,-42,Women
1.65,,Serbia,64.9,,CUT,188,f57ff-P1521928_1-184.jpg,1521928,Tamara,F,23,Trumbetaš,RS,Tamara Trumbetaš,117T,-42,Women
0.15,44728.0,Sri Lanka,59.0,CrossFit Ceylon,CUT,214,823ae-P661943_1-184.jpg,661943,Keshini,F,22,Vitharana,LK,Keshini Vitharana,117T,-42,Women
1.68,44635.0,Mauritius,77.1,UPT CrossFit,CUT,218,pukie.png,889971,Melanie,F,33,Yip Woon Sun,MU,Melanie Yip Woon Sun,117T,-42,Women
1.55,44852.0,United States,87.1,CrossFit 061,ACT,351,ea7a9-P5312_7-184.jpg,5312,Nicholas,X,35,Urankar,US,Nicholas Urankar,1,650,Men (35-39)
1.55,44880.0,United States,83.9,CrossFit Rage,ACT,359,4baa9-P4895_11-184.jpg,4895,Jordan,X,35,Troyan,US,Jordan Troyan,2,600,Men (35-39)
1.55,44875.0,Iceland,91.2,CrossFit Akureyri,ACT,357,2d586-P125959_2-184.jpg,125959,Sigurður,X,35,Þrastarson,IS,Sigurður Þrastarson,3,580,Men (35-39)
1.77,44925.0,France,91.6,CrossFit Saintes,ACT,355,b6110-P164390_8-184.jpg,164390,Alexandre,X,39,Jolivet,FR,Alexandre Jolivet,4,560,Men (35-39)
0.15,44842.0,Canada,88.5,CrossFit RDL,ACT,356,83144-P255163_3-184.jpg,255163,Michael,X,37,Laverriere,CA,Michael Laverriere,5,500,Men (35-39)
1.55,44767.0,Iceland,82.1,CrossFit Reykjavík,ACT,358,2bf12-P112137_4-184.jpg,112137,Stefan Helgi,X,36,Einarsson,IS,Stefan Helgi Einarsson,6,400,Men (35-39)
1.55,44906.0,United States,88.5,CrossFit Duratus,ACT,354,pukie.png,59012,Kevin,X,37,Longmeier,US,Kevin Longmeier,7,400,Men (35-39)
1.65,44946.0,United States,70.3,Sumner CrossFit,ACT,360,25a32-P100797_5-184.jpg,100797,Mike,X,35,Abgarian,US,Mike Abgarian,8,380,Men (35-39)
1.56,44705.0,Sweden,91.2,CrossFit Malmö,ACT,352,pukie.png,1433136,David Santa Cruz,X,37,Borgstrand,SE,David Santa Cruz Borgstrand,9,280,Men (35-39)
1.77,44936.0,United States,86.2,CrossFit Kinesis,WD,353,2c797-P25569_11-184.jpg,25569,Kyle,X,37,Kasperbauer,US,Kyle Kasperbauer,10,,Men (35-39)
1.71,44912.0,United States,64.9,T2 CrossFit,ACT,356,8bf0d-P9440_13-184.jpg,9440,Anna,X,36,Tobias,US,Anna Tobias,1,690,Women (35-39)
1.58,44928.0,United States,62.1,CrossFit Saint Helens,ACT,357,b663a-P16973_6-184.jpg,16973,Carleen,X,35,Mathews,US,Carleen Mathews,2,600,Women (35-39)
1.8,44937.0,United States,68.9,CrossFit Training Yard,ACT,354,ca744-P8015_6-184.jpg,8015,Rebecca,X,38,Voigt Miller,US,Rebecca Voigt Miller,3,580,Women (35-39)
1.55,44910.0,United States,61.2,CrossFit Billings,ACT,353,f204b-P313257_1-184.jpg,313257,Hope,X,36,Cicero,US,Hope Cicero,4,540,Women (35-39)
1.62,44888.0,New Zealand,59.0,CrossFit Active,ACT,352,619ba-P235218_4-184.jpg,235218,Alethea,X,35,Boon,NZ,Alethea Boon,5,530,Women (35-39)
1.68,44823.0,Switzerland,62.1,CrossFit Turicum,ACT,351,f9da1-P290001_8-184.jpg,290001,Ursula,X,38,Fasel,CH,Ursula Fasel,6,420,Women (35-39)
1.55,44828.0,Brazil,64.9,Etto CrossFit,ACT,355,200a7-P527325_6-184.jpg,527325,Susana,X,35,Rodrigues Etto,BR,Susana Rodrigues Etto,7,330,Women (35-39)
1.58,44591.0,United States,59.0,CrossFit Invictus,ACT,alt,pukie.png,51083,Jenn,X,39,Ryan,US,Jenn Ryan,8,320,Women (35-39)
1.52,44841.0,United States,54.4,CrossFit SEO,ACT,360,9a98a-P26745_4-184.jpg,26745,Jolene,X,35,Quirke,US,Jolene Quirke,9,290,Women (35-39)
1.68,44921.0,United States,66.7,Great Woods CrossFit,ACT,359,11635-P121354_1-184.jpg,121354,Corrin,X,36,Lemieux,US,Corrin Lemieux,10,130,Women (35-39)
1.77,44930.0,United States,86.2,5280 CrossFit,ACT,407,dd30b-P532455_5-184.jpg,532455,Jason,X,43,Grubb,US,Jason Grubb,1,640,Men (40-44)
1.55,44904.0,United Kingdom,90.7,In2 CrossFit Farnham,ACT,410,pukie.png,318213,Richard,X,40,Vint,GB,Richard Vint,2,510,Men (40-44)
1.86,44887.0,Canada,90.7,Fort to Fort CrossFit,ACT,403,d03cb-P252855_3-184.jpg,252855,Robbie,X,42,Perovich,CA,Robbie Perovich,3,510,Men (40-44)
1.95,44866.0,Australia,98.0,Injustice CrossFit,ACT,409,d1f82-P278759_9-184.jpg,278759,Caine,X,40,Hayes,AU,Caine Hayes,4,450,Men (40-44)
1.8,44591.0,United States,77.1,CrossFit Invictus,ACT,405,66145-P29109_2-184.jpg,29109,Nuno,X,40,Costa,US,Nuno Costa,5,420,Men (40-44)
1.55,44929.0,South Africa,91.2,CrossFit Algoa,ACT,404,a068c-P8743_11-184.jpg,8743,David,X,41,Levey,ZA,David Levey,6,420,Men (40-44)
1.56,44816.0,United States,85.3,CrossFit Southie,ACT,406,30985-P167005_20-184.jpg,167005,Brian,X,41,Campbell,US,Brian Campbell,7,400,Men (40-44)
1.86,44923.0,United States,94.3,CrossFit SPT,ACT,402,91820-P171764_1-184.jpg,171764,Heath,X,40,Moody,US,Heath Moody,8,390,Men (40-44)
1.55,44820.0,United States,94.8,CrossFit PR Star,ACT,401,c242d-P168610_2-184.jpg,168610,Tony,X,40,Kurz,US,Tony Kurz,9,380,Men (40-44)
1.8,44848.0,United States,72.6,Superhero CrossFit,ACT,408,ccef6-P86878_3-184.jpg,86878,Chris,X,41,Anderson,US,Chris Anderson,10,370,Men (40-44)
1.55,44922.0,United States,56.7,CrossFit Train 97333,ACT,402,71296-P259327_11-184.jpg,259327,Joey,X,41,Kimdon,US,Joey Kimdon,1,700,Women (40-44)
1.74,44903.0,United Kingdom,72.1,CrossFit Southampton,ACT,407,0fa8a-P107129_1-184.jpg,107129,Kelly,X,41,Friel,GB,Kelly Friel,2,610,Women (40-44)
1.71,44843.0,Canada,67.1,CrossFit Indestri,ACT,401,4c061-P421299_1-184.jpg,421299,Deanna,X,40,Posey,CA,Deanna Posey,3,560,Women (40-44)
1.68,44941.0,United States,65.8,Codite CrossFit,ACT,403,5ac62-P226482_2-184.jpg,226482,Jenna,X,40,Larson,US,Jenna Larson,4,510,Women (40-44)
1.65,44881.0,United Kingdom,63.0,Battersea District CrossFit,ACT,410,b32a9-P434123_1-184.jpg,434123,Alexis,X,40,Rufus,GB,Alexis Rufus,5,500,Women (40-44)
1.65,44867.0,United States,68.0,CrossFit Majestic,ACT,404,bea07-P256330_7-184.jpg,256330,Michelle,X,42,Suozzi,US,Michelle Suozzi,6,460,Women (40-44)
1.52,44882.0,United States,52.2,CrossFit Springfield,ACT,405,c07cf-P172716_6-184.jpg,172716,Melissa,X,41,Wistrom,US,Melissa Wistrom,7,420,Women (40-44)
1.68,44867.0,United States,70.3,CrossFit Majestic,ACT,409,1f43b-P650145_1-184.jpg,650145,Kim,X,41,Mullins,US,Kim Mullins,8,310,Women (40-44)
1.68,44920.0,Canada,63.5,CrossFit Adm,CUT,408,ea1cd-P15182_13-184.jpg,15182,Stephanie,X,41,Roy,CA,Stephanie Roy,9,160,Women (40-44)
1.71,44897.0,United States,66.7,CrossFit Viento,WD,406,fb886-P12348_5-184.jpg,12348,Karen,X,44,McCadam,US,Karen McCadam,10,40,Women (40-44)
1.74,44861.0,United States,78.5,Renewed Strength CrossFit,ACT,458,c37a9-P631875_1-184.jpg,631875,Joel,X,45,Hughes,US,Joel Hughes,1,740,Men (45-49)
1.74,44829.0,United States,83.9,CrossFit Garwood,ACT,451,483b3-P116627_7-184.jpg,116627,Justin,X,45,Lasala,US,Justin Lasala,2,640,Men (45-49)
1.74,44836.0,United States,77.6,CrossFit Galvanize,ACT,454,81f74-P26902_4-184.jpg,26902,Chad,X,45,Augustin,US,Chad Augustin,3,520,Men (45-49)
1.74,44879.0,Italy,79.8,CrossFit San Benedetto del Tronto,ACT,456,0df8d-P95809_2-184.jpg,95809,Bernard,X,48,Luzi,IT,Bernard Luzi,4,510,Men (45-49)
1.55,44885.0,United States,83.9,CrossFit Florian,ACT,457,54cbf-P112592_2-184.jpg,112592,Clint,X,47,Paddock,US,Clint Paddock,5,410,Men (45-49)
1.77,44858.0,United States,81.6,CrossFit 215,ACT,452,af4ad-P17714_3-184.jpg,17714,Mike,X,45,Rando,US,Mike Rando,6,400,Men (45-49)
1.68,44915.0,United States,74.8,CrossFit Chomp City,ACT,453,cd057-P76101_6-184.jpg,76101,Bob,X,49,Ruano,US,Bob Ruano,7,390,Men (45-49)
1.8,44822.0,Italy,81.2,CrossFit Teramo,ACT,460,0b1b2-P278581_1-184.jpg,278581,Giulio,X,46,Silvino,IT,Giulio Silvino,8,270,Men (45-49)
1.56,44818.0,United States,83.9,Offshore CrossFit,ACT,455,a07ae-P110150_4-184.jpg,110150,Bob,X,46,Jennings,US,Bob Jennings,9,210,Men (45-49)
1.71,44632.0,United States,79.4,CrossFit Mayhem,WD,459,99efa-P13342_1-184.jpg,13342,Bruce,X,46,Thomas,US,Bruce Thomas,10,350,Men (45-49)
1.65,44914.0,United States,66.7,CrossFit Trison,ACT,452,90575-P9184_11-184.jpg,9184,Janet,X,45,Black,US,Janet Black,1,640,Women (45-49)
1.71,44835.0,United States,62.6,Spartan CrossFit,ACT,460,27b53-P244482_5-184.jpg,244482,Semma,X,45,Burba,US,Semma Burba,2,600,Women (45-49)
1.55,44864.0,Canada,66.2,Endeavor Fitness CrossFit Invermere,ACT,451,be7b0-P21214_9-184.jpg,21214,Jolaine,X,47,Undershute,CA,Jolaine Undershute,3,580,Women (45-49)
1.55,44854.0,United States,57.2,CrossFit Advanced,ACT,454,d16f3-P413700_4-184.jpg,413700,Tracy,X,47,O'Connell,US,Tracy O'Connell,4,550,Women (45-49)
1.74,44933.0,United States,64.9,CrossFit Reston,ACT,457,29bee-P294840_1-184.jpg,294840,Stephanie,X,45,Brennan,US,Stephanie Brennan,5,520,Women (45-49)
1.68,44918.0,United States,61.2,Pee Dee CrossFit,ACT,456,ef9b6-P178647_2-184.jpg,178647,Nicole,X,46,Abbott,US,Nicole Abbott,6,410,Women (45-49)
1.58,44869.0,United States,60.3,CrossFit AllStar,ACT,455,755c1-P8770_4-184.jpg,8770,Cheryl,X,48,Brost,US,Cheryl Brost,7,390,Women (45-49)
1.58,44874.0,United States,57.2,C4 CrossFit,ACT,458,35cb9-P8618_9-184.jpg,8618,Aida,X,45,Koepplinger,US,Aida Koepplinger,8,350,Women (45-49)
1.58,44594.0,United States,61.2,Crucible CrossFit,ACT,453,5ceb5-P50423_10-184.jpg,50423,Jennifer,X,45,Dieter,US,Jennifer Dieter,9,340,Women (45-49)
1.68,44877.0,Russian Federation,68.0,CrossFit Berloga,WD,459,97325-P586578_1-184.jpg,586578,Elena,X,48,Kulik,RU,Elena Kulik,10,20,Women (45-49)
1.77,44870.0,United States,77.1,Kirkland CrossFit,ACT,502,d8676-P721301_2-184.jpg,721301,Kevin,X,52,Koester,US,Kevin Koester,1,630,Men (50-54)
1.83,,United States,86.2,,ACT,501,761d1-P297488_2-184.jpg,297488,Gregg,X,50,Geerdes,US,Gregg Geerdes,2,620,Men (50-54)
1.56,44819.0,United States,85.3,CrossFit Dark Side,ACT,503,57144-P33259_4-184.jpg,33259,Vic,X,50,McQuaide,US,Vic McQuaide,3,590,Men (50-54)
1.55,44833.0,United States,83.9,CrossFit Commence,ACT,506,a6cc1-P153858_6-184.jpg,153858,Jody,X,51,Hendrix,US,Jody Hendrix,4,520,Men (50-54)
1.8,44855.0,Brazil,84.8,CrossFit Canal,ACT,504,bc35b-P825700_2-184.jpg,825700,Leonardo Wernersbach,X,52,Lima,BR,Leonardo Wernersbach Lima,5,500,Men (50-54)
1.77,44777.0,United Kingdom,86.2,Blitz CrossFit,ACT,508,24864-P519096_1-184.jpg,519096,Patrick,X,52,Murray,GB,Patrick Murray,6,490,Men (50-54)
1.86,44831.0,United States,90.7,CrossFit Huntsville,ACT,505,9c17a-P121517_8-184.jpg,121517,Paul,X,54,McCrary,US,Paul McCrary,7,350,Men (50-54)
1.68,44878.0,United States,72.1,Warlock CrossFit,ACT,507,f9942-P50856_7-184.jpg,50856,Charles,X,50,Russo,US,Charles Russo,8,320,Men (50-54)
1.8,44834.0,United States,85.3,CrossFit West Plains,ACT,509,16d80-P109071_8-184.jpg,109071,Ryan Joe,X,51,Hamby,US,Ryan Joe Hamby,9,310,Men (50-54)
1.83,44945.0,United States,102.1,Long Branch CrossFit,WD,510,a0b27-P241233_3-184.jpg,241233,Mark,X,52,Ziolkowski,US,Mark Ziolkowski,10,140,Men (50-54)
1.74,44857.0,United States,64.4,Cottontown CrossFit,ACT,506,7a80c-P710834_8-184.jpg,710834,Jana,X,50,Slyder,US,Jana Slyder,1,650,Women (50-54)
1.65,44916.0,United States,59.0,CrossFit The Club,ACT,502,6cc80-P42565_3-184.jpg,42565,Chris,X,50,Nelson,US,Chris Nelson,2,630,Women (50-54)
1.71,44876.0,Canada,65.8,CrossFit Aurora Central,ACT,503,ee5cb-P109033_6-184.jpg,109033,Joyanne,X,50,Cooper,CA,Joyanne Cooper,3,540,Women (50-54)
1.65,44891.0,France,57.2,CrossFit Louvre II,ACT,505,df19f-P213252_7-184.jpg,213252,Francoise,X,50,Mahier,FR,Francoise Mahier,4,530,Women (50-54)
1.62,44863.0,Mexico,59.9,CrossFit Tayburun,ACT,507,1f1e4-P729204_1-184.jpg,729204,Maricruz,X,51,Prieto,MX,Maricruz Prieto,5,490,Women (50-54)
1.58,44888.0,Australia,59.4,CrossFit Active,ACT,501,ab2f7-P321495_10-184.jpg,321495,Belinda,X,50,Halcrow,AU,Belinda Halcrow,6,480,Women (50-54)
1.65,44847.0,United States,65.8,CrossFit Coeur D'Alene,ACT,504,22f40-P505635_3-184.jpg,505635,Tia,X,50,Vesser,US,Tia Vesser,7,420,Women (50-54)
1.74,44932.0,United States,63.5,CrossFit EGA,ACT,508,7881e-P80344_7-184.jpg,80344,Alexia,X,52,Fineman,US,Alexia Fineman,8,320,Women (50-54)
1.65,44784.0,Australia,59.0,CrossFit Torian,ACT,509,d3aa0-P195717_1-184.jpg,195717,Deborah,X,51,Schedue,AU,Deborah Schedue,9,280,Women (50-54)
1.74,44756.0,Sweden,64.0,CrossFit Nordic,WD,510,3935d-P55291_4-184.jpg,55291,Jessica,X,50,Clevenvik,SE,Jessica Clevenvik,10,120,Women (50-54)
1.86,44919.0,United States,90.7,Resilience CrossFit,ACT,553,d2490-P111119_6-184.jpg,111119,Joe,X,55,Ames,US,Joe Ames,1,530,Men (55-59)
1.83,44886.0,United States,93.0,CrossFit Unrestrained,ACT,558,00d50-P38826_8-184.jpg,38826,Ken,X,56,Idler,US,Kenneth Idler,2,530,Men (55-59)
1.65,44840.0,United States,68.9,Aloha CrossFit,ACT,552,50b46-P123429_2-184.jpg,123429,Allen,X,55,Duarte,US,Allen Duarte,3,520,Men (55-59)
1.8,44880.0,United States,77.1,CrossFit Rage,ACT,551,2693d-P53380_11-184.jpg,53380,Kurt,X,55,Stein,US,Kurt Stein,4,490,Men (55-59)
1.55,44838.0,Canada,79.4,CrossFit Mozomo,ACT,555,2acea-P12819_4-184.jpg,12819,Bruce,X,55,Young,CA,Bruce Young,5,460,Men (55-59)
1.8,,United States,82.6,,ACT,559,e1ab3-P59899_6-184.jpg,59899,Will,X,59,Powell,US,Will Powell,6,390,Men (55-59)
1.77,44896.0,United States,76.2,Ocean State CrossFit,ACT,557,45ff0-P299915_5-184.jpg,299915,Stuart,X,56,Swanson,US,Stuart Swanson,7,350,Men (55-59)
1.83,44902.0,United States,83.9,CrossFit Balance,ACT,560,567a0-P56292_2-184.jpg,56292,Vincent,X,56,Lopez,US,Vincent Lopez,8,280,Men (55-59)
1.83,44797.0,United States,90.7,CrossFit 417,ACT,556,f5235-P221046_3-184.jpg,221046,Rob,X,55,Bernet,US,Rob Bernet,9,260,Men (55-59)
1.68,44924.0,Canada,63.5,CrossFit Saskatoon,ACT,551,1b636-P13983_4-184.jpg,13983,Laurie,X,55,Meschishnick,CA,Laurie Meschishnick,1,640,Women (55-59)
1.71,44817.0,United States,64.9,Custer CrossFit,ACT,554,aebfb-P19241_6-184.jpg,19241,Linda,X,55,Elstun,US,Linda Elstun,2,550,Women (55-59)
1.65,44893.0,Netherlands,65.3,CrossFit Vlaardingen,ACT,552,e69ff-P27530_3-184.jpg,27530,Marion,X,55,Valkenburg,NL,Marion Valkenburg,3,460,Women (55-59)
1.65,44898.0,United States,63.5,CrossFit San Benito,ACT,553,cb35b-P29279_9-184.jpg,29279,Hylie,X,56,Thompson,US,Hylie Thompson,4,430,Women (55-59)
1.62,44844.0,United States,59.9,CrossFit Type 44,ACT,556,60d96-P215328_5-184.jpg,215328,April,X,55,Watkins,US,April Watkins,5,390,Women (55-59)
1.58,44888.0,Australia,56.7,CrossFit Active,ACT,560,9929f-P24334_3-184.jpg,24334,Lynne,X,59,Knapman,AU,Lynne Knapman,6,380,Women (55-59)
1.65,44905.0,Australia,63.0,CrossFit Origin,ACT,555,fdb82-P261786_4-184.jpg,261786,Judith,X,56,Tynan,AU,Judith Tynan,7,320,Women (55-59)
1.68,44884.0,United States,65.8,CrossFit Westchase Largo,ACT,559,d2917-P100338_8-184.jpg,100338,Sue,X,56,Velott,US,Sue Velott,8,250,Women (55-59)
1.74,44909.0,New Zealand,59.0,Functional Strength CrossFit,ACT,558,880d4-P13813_3-184.jpg,13813,Debbie,X,57,Downing,NZ,Debbie Downing,9,220,Women (55-59)
1.58,44895.0,United States,59.0,CrossFit Vex,WD,557,ea150-P1900_5-184.jpg,1900,Mary Beth,X,58,Prodromides,US,Mary Beth Prodromides,10,240,Women (55-59)
1.56,44926.0,United States,84.4,CrossFit 1st State,ACT,601,pukie.png,750230,Paul,X,60,Perna,US,Paul Perna,1,520,Men (60+)
1.86,,Canada,90.7,,ACT,606,pukie.png,24918,Gord,X,60,MacKinnon,CA,Gord MacKinnon,2,490,Men (60+)
1.55,44837.0,Canada,90.7,CrossFit Connection,ACT,602,fab9b-P283002_1-184.jpg,283002,Dan,X,60,Brannagan,CA,Dan Brannagan,3,480,Men (60+)
1.74,44827.0,United States,74.4,CrossFit Adrenaline,ACT,603,21b2f-P536200_2-184.jpg,536200,Carl,X,60,Giuffre,US,Carl Giuffre,4,470,Men (60+)
1.71,44934.0,Iceland,73.9,CrossFit Sport,ACT,605,2889e-P18975_2-184.jpg,18975,Hilmar,X,62,Hardarson,IS,Hilmar Hardarson,5,460,Men (60+)
1.77,44939.0,United States,73.9,CrossFit SolaFide,ACT,607,68470-P57724_4-184.jpg,57724,David,X,63,Hippensteel,US,David Hippensteel,6,400,Men (60+)
1.55,44853.0,United States,81.6,The Arena Nevada CrossFit,ACT,608,8467d-P464020_6-184.jpg,464020,Michael,X,61,Brown,US,Michael Brown,7,340,Men (60+)
1.56,44890.0,United States,79.4,Double Down CrossFit,ACT,604,d29f9-P661916_2-184.jpg,661916,Ken,X,60,Wellner,US,Ken Wellner,8,310,Men (60+)
1.55,44949.0,United States,72.6,CrossFit Beaufort,ACT,610,99f37-P256405_9-184.jpg,256405,David,X,61,Hardie,US,David Hardie,9,290,Men (60+)
1.77,44815.0,United States,74.8,CrossFit Dallas Central,ACT,609,965f4-P522158_1-184.jpg,522158,Tom,X,60,de Nolf,US,Tom de Nolf,10,140,Men (60+)
1.68,44917.0,Canada,55.8,CrossFit West Vancouver,ACT,601,pukie.png,150577,Susan,X,60,Clarke,CA,Susan Clarke,1,700,Women (60+)
1.77,44830.0,Canada,67.6,CrossFit Lindsay,ACT,603,pukie.png,330392,Patricia,X,60,McGill,CA,Patricia McGill,2,540,Women (60+)
1.62,44873.0,New Zealand,58.1,CrossFit Central Wellington,ACT,602,0708b-P145039_1-184.jpg,145039,Pauline,X,61,Sciascia,NZ,Pauline Sciascia,3,410,Women (60+)
1.58,44849.0,United States,55.8,Roughrider CrossFit (departed),ACT,608,73510-P819703_2-184.jpg,819703,Sue,X,60,Lawson,US,Sue Lawson,4,400,Women (60+)
1.71,44909.0,New Zealand,59.9,Functional Strength CrossFit,ACT,604,57bd9-P243666_1-184.jpg,243666,Diana,X,60,Flynn,NZ,Diana Flynn,5,400,Women (60+)
1.65,44947.0,United States,71.2,CrossFit Uncommon,ACT,610,433bb-P198927_3-184.jpg,198927,Julie,X,62,Holt,US,Julie Holt,6,380,Women (60+)
1.62,44856.0,United States,53.1,Reebok CrossFit Medfield,ACT,605,a6012-P312883_7-184.jpg,312883,Carol Lynn,X,62,Thistle,US,Carol Lynn Thistle,7,310,Women (60+)
1.25,44782.0,United States,50.8,Ft. Wright CrossFit,ACT,607,0b3ce-P32842_4-184.jpg,32842,Elizabeth,X,62,Cole,US,Elizabeth Cole,8,290,Women (60+)
1.68,44821.0,Canada,57.2,CrossFit Living The Dream Ajax,ACT,606,10f1f-P702085_9-184.jpg,702085,Christine,X,60,Long,CA,Christine Long,9,250,Women (60+)
1.68,44907.0,Canada,55.8,CrossFit Lions,WD,609,d55e0-P62910_4-184.jpg,62910,Debby,X,60,Cook,CA,Debby Cook,10,190,Women (60+)
